URL;UR;Scheme;HTTP Status Code;HTTP Error Message;Content Type;Crawl Status;Crawl Depth;Crawl Source;URL Source;First Parent URL;No. Internal Linking URLs;Indexable;Indexable Status
http://www.sfu.edu.hk/project.goal;20;http;302;None;HTML;Redirect;3;Crawler;Anchor;https://www.sfu.edu.hk/en/media/media-coverage/index_id_66.html;3;No;Redirects
https://www.sfu.edu.hk/;5;https;200;None;HTML;Redirect;6;Crawler;Anchor;https://www.sfu.edu.hk/en/media/press-release/index_id_965.html;1;No;Redirects
https://www.sfu.edu.hk/en/about-the-institute/overview-of-the-institute/campus-environment-and-facilities/campus-virtual-tour/business-and-hospitality-management-facilities/index.html;5;https;200;None;HTML;Success;2;Crawler;Anchor;https://www.sfu.edu.hk/en/about-the-institute/overview-of-the-institute/campus-environment-and-facilities/campus-virtual-tour/index.html;1;Yes;Indexable
https://www.sfu.edu.hk/en/about-the-institute/overview-of-the-institute/campus-environment-and-facilities/campus-virtual-tour/design-and-film-production-facilities/index.html;5;https;200;None;HTML;Success;2;Crawler;Anchor;https://www.sfu.edu.hk/en/about-the-institute/overview-of-the-institute/campus-environment-and-facilities/campus-virtual-tour/index.html;1;Yes;Indexable
https://www.sfu.edu.hk/en/about-the-institute/overview-of-the-institute/campus-environment-and-facilities/campus-virtual-tour/early-childhood-education-facilities/index.html;5;https;200;None;HTML;Success;2;Crawler;Anchor;https://www.sfu.edu.hk/en/about-the-institute/overview-of-the-institute/campus-environment-and-facilities/campus-virtual-tour/index.html;1;Yes;Indexable
https://www.sfu.edu.hk/en/about-the-institute/overview-of-the-institute/campus-environment-and-facilities/campus-virtual-tour/health-sciences-and-nursing-laboratories-and-facilities/index.html;5;https;200;None;HTML;Success;2;Crawler;Anchor;https://www.sfu.edu.hk/en/about-the-institute/overview-of-the-institute/campus-environment-and-facilities/campus-virtual-tour/index.html;1;Yes;Indexable
https://www.sfu.edu.hk/en/about-the-institute/overview-of-the-institute/campus-environment-and-facilities/campus-virtual-tour/health-sciences-physiotherapy-facilities/index.html;5;https;200;None;HTML;Success;2;Crawler;Anchor;https://www.sfu.edu.hk/en/about-the-institute/overview-of-the-institute/campus-environment-and-facilities/campus-virtual-tour/index.html;1;Yes;Indexable
https://www.sfu.edu.hk/en/about-the-institute/overview-of-the-institute/campus-environment-and-facilities/campus-virtual-tour/index.html;50;https;200;None;HTML;Success;1;Crawler;Anchor;https://www.sfu.edu.hk/en/home/index.html;7;Yes;Indexable
https://www.sfu.edu.hk/en/about-the-institute/overview-of-the-institute/campus-environment-and-facilities/campus-virtual-tour/ss-francis-chapel/index.html;5;https;200;None;HTML;Success;2;Crawler;Anchor;https://www.sfu.edu.hk/en/about-the-institute/overview-of-the-institute/campus-environment-and-facilities/campus-virtual-tour/index.html;1;Yes;Indexable
https://www.sfu.edu.hk/en/about-the-institute/publications/institute-newsletter/index.html;5;https;200;None;HTML;Success;1;Crawler;Anchor;https://www.sfu.edu.hk/en/home/index.html;1;Yes;Indexable
https://www.sfu.edu.hk/en/about-the-institute/publications/institute-newsletter/issue-3/index.html;5;https;200;None;HTML;Success;2;Crawler;Anchor;https://www.sfu.edu.hk/en/about-the-institute/publications/institute-newsletter/index.html;1;Yes;Indexable
https://www.sfu.edu.hk/en/about-the-institute/publications/institute-newsletter/vision/index.html;5;https;200;None;HTML;Success;2;Crawler;Anchor;https://www.sfu.edu.hk/en/about-the-institute/publications/institute-newsletter/index.html;1;Yes;Indexable
https://www.sfu.edu.hk/en/admission/why-cihe/sharing-endorsement/felizberta-lo-padilla-tong-school-of-social-sciences/index.html;5;https;404;None;HTML;Not Found;3;Crawler;Anchor;https://www.sfu.edu.hk/en/schools-and-offices/schools-and-departments/felizberta-lo-padilla-tong-school-of-social-sciences/introduction/index.html;1;No;Not Found
https://www.sfu.edu.hk/en/admission/why-sfu/sharing-endorsement/rita-tong-liu-school-of-business-and-hospitality-management/index.html;5;https;200;None;HTML;Success;3;Crawler;Anchor;https://www.sfu.edu.hk/en/schools-and-offices/schools-and-departments/rita-tong-liu-school-of-business-and-hospitality-management/introduction/index.html;1;Yes;Indexable
https://www.sfu.edu.hk/en/admission/why-sfu/sharing-endorsement/school-of-health-sciences/index.html;5;https;200;None;HTML;Success;3;Crawler;Anchor;https://www.sfu.edu.hk/en/schools-and-offices/schools-and-departments/school-of-health-sciences/introduction/index.html;1;Yes;Indexable
https://www.sfu.edu.hk/en/donation/home/index.html;5;https;200;None;HTML;Success;1;Crawler;Anchor;https://www.sfu.edu.hk/en/home/index.html;1;Yes;Indexable
https://www.sfu.edu.hk/en/home/'/index.php?section=231&lang=1;5;https;404;None;HTML;Not Found;1;Crawler;Anchor;https://www.sfu.edu.hk/en/home/index.html;1;No;Not Found
https://www.sfu.edu.hk/en/home/index.html;0;https;200;None;HTML;Success;0;Crawler;Root;None;0;Yes;Indexable
https://www.sfu.edu.hk/en/programmes/bachelor-s-degree-programmes/bachelor-of-arts-honours-in-language-and-culture/education-and-career-pathways/index.html;5;https;200;None;HTML;Success;3;Crawler;Anchor;https://www.sfu.edu.hk/en/schools-and-offices/schools-and-departments/school-of-humanities-and-languages/introduction/index.html;1;Yes;Indexable
https://www.sfu.edu.hk/en/programmes/bachelor-s-degree-programmes/bachelor-of-arts-honours-in-language-and-culture/introduction/index.html;28;https;200;None;HTML;Success;1;Crawler;Anchor;https://www.sfu.edu.hk/en/home/index.html;4;Yes;Indexable
https://www.sfu.edu.hk/en/programmes/bachelor-s-degree-programmes/bachelor-of-arts-honours-in-language-and-culture/programme-structure/index.html;13;https;200;None;HTML;Success;1;Crawler;Anchor;https://www.sfu.edu.hk/en/home/index.html;2;Yes;Indexable
https://www.sfu.edu.hk/en/programmes/bachelor-s-degree-programmes/bachelor-of-arts-honours-in-language-and-liberal-studies/introduction/index.html;13;https;200;None;HTML;Success;2;Crawler;Anchor;https://www.sfu.edu.hk/en/programmes/index.html;2;Yes;Indexable
https://www.sfu.edu.hk/en/programmes/bachelor-s-degree-programmes/bachelor-of-arts-honours-in-language-and-liberal-studies/programme-structure/index.html;5;https;200;None;HTML;Success;2;Crawler;Anchor;https://www.sfu.edu.hk/en/programmes/index.html;1;Yes;Indexable
https://www.sfu.edu.hk/en/programmes/bachelor-s-degree-programmes/bachelor-of-arts-honours-in-translation-technology/introduction/index.html;65;https;200;None;HTML;Success;1;Crawler;Anchor;https://www.sfu.edu.hk/en/home/index.html;9;Yes;Indexable
https://www.sfu.edu.hk/en/programmes/bachelor-s-degree-programmes/bachelor-of-business-administration-honours/introduction/index.html;28;https;200;None;HTML;Success;1;Crawler;Anchor;https://www.sfu.edu.hk/en/home/index.html;4;Yes;Indexable
https://www.sfu.edu.hk/en/programmes/bachelor-s-degree-programmes/bachelor-of-business-administration-honours/programme-structure/index.html;20;https;200;None;HTML;Success;1;Crawler;Anchor;https://www.sfu.edu.hk/en/home/index.html;3;Yes;Indexable
https://www.sfu.edu.hk/en/programmes/bachelor-s-degree-programmes/bachelor-of-business-administration-honours-in-applied-hotel-and-tourism-management/introduction/index.html;28;https;200;None;HTML;Success;1;Crawler;Anchor;https://www.sfu.edu.hk/en/home/index.html;4;Yes;Indexable
https://www.sfu.edu.hk/en/programmes/bachelor-s-degree-programmes/bachelor-of-business-administration-honours-in-applied-hotel-and-tourism-management-part-time-/introduction/index.html;5;https;200;None;HTML;Success;3;Crawler;Anchor;https://www.sfu.edu.hk/en/schools-and-offices/schools-and-departments/rita-tong-liu-school-of-business-and-hospitality-management/introduction/index.html;1;Yes;Indexable
https://www.sfu.edu.hk/en/programmes/bachelor-s-degree-programmes/bachelor-of-business-administration-honours-part-time-/introduction/index.html;28;https;200;None;HTML;Success;2;Crawler;Anchor;https://www.sfu.edu.hk/en/programmes/index.html;4;Yes;Indexable
https://www.sfu.edu.hk/en/programmes/bachelor-s-degree-programmes/bachelor-of-business-administration-honours-part-time-/programme-structure/index.html;13;https;200;None;HTML;Success;2;Crawler;Anchor;https://www.sfu.edu.hk/en/programmes/index.html;2;Yes;Indexable
https://www.sfu.edu.hk/en/programmes/bachelor-s-degree-programmes/bachelor-of-crime-and-security-science-honours-/introduction/index.html;35;https;200;None;HTML;Success;2;Crawler;Anchor;https://www.sfu.edu.hk/en/programmes/index.html;5;Yes;Indexable
https://www.sfu.edu.hk/en/programmes/bachelor-s-degree-programmes/bachelor-of-education-honours-in-early-childhood-education/introduction/index.html;43;https;200;None;HTML;Success;1;Crawler;Anchor;https://www.sfu.edu.hk/en/home/index.html;6;Yes;Indexable
https://www.sfu.edu.hk/en/programmes/bachelor-s-degree-programmes/bachelor-of-health-sciences-honours-part-time-top-up-programme/introduction/index.html;35;https;200;None;HTML;Success;1;Crawler;Anchor;https://www.sfu.edu.hk/en/home/index.html;5;Yes;Indexable
https://www.sfu.edu.hk/en/programmes/bachelor-s-degree-programmes/bachelor-of-nursing-honours/introduction/index.html;58;https;200;None;HTML;Success;1;Crawler;Anchor;https://www.sfu.edu.hk/en/home/index.html;8;Yes;Indexable
https://www.sfu.edu.hk/en/programmes/bachelor-s-degree-programmes/bachelor-of-nursing-honours-applied-degree-places-/introduction/index.html;20;https;200;None;HTML;Success;1;Crawler;Anchor;https://www.sfu.edu.hk/en/home/index.html;3;Yes;Indexable
https://www.sfu.edu.hk/en/programmes/bachelor-s-degree-programmes/bachelor-of-science-honours-in-artificial-intelligence/introduction/index.html;80;https;200;None;HTML;Success;1;Crawler;Anchor;https://www.sfu.edu.hk/en/home/index.html;12;Yes;Indexable
https://www.sfu.edu.hk/en/programmes/bachelor-s-degree-programmes/bachelor-of-science-honours-in-artificial-intelligence-part-time-/introduction/index.html;5;https;200;None;HTML;Success;2;Crawler;Anchor;https://www.sfu.edu.hk/en/programmes/index.html;1;Yes;Indexable
https://www.sfu.edu.hk/en/programmes/bachelor-s-degree-programmes/bachelor-of-science-honours-in-digital-entertainment-technology/introduction/index.html;65;https;200;None;HTML;Success;1;Crawler;Anchor;https://www.sfu.edu.hk/en/home/index.html;9;Yes;Indexable
https://www.sfu.edu.hk/en/programmes/bachelor-s-degree-programmes/bachelor-of-science-honours-in-digital-entertainment-technology-part-time-/introduction/index.html;5;https;200;None;HTML;Success;2;Crawler;Anchor;https://www.sfu.edu.hk/en/programmes/index.html;1;Yes;Indexable
https://www.sfu.edu.hk/en/programmes/bachelor-s-degree-programmes/bachelor-of-science-honours-in-physiotherapy/introduction/index.html;73;https;200;None;HTML;Success;1;Crawler;Anchor;https://www.sfu.edu.hk/en/home/index.html;11;Yes;Indexable
https://www.sfu.edu.hk/en/programmes/bachelor-s-degree-programmes/bachelor-of-social-sciences-honours/introduction/index.html;35;https;200;None;HTML;Success;1;Crawler;Anchor;https://www.sfu.edu.hk/en/home/index.html;5;Yes;Indexable
https://www.sfu.edu.hk/en/programmes/bachelor-s-degree-programmes/bachelor-of-social-sciences-honours/programme-structure/index.html;20;https;200;None;HTML;Success;1;Crawler;Anchor;https://www.sfu.edu.hk/en/home/index.html;3;Yes;Indexable
https://www.sfu.edu.hk/en/programmes/bachelor-s-degree-programmes/bachelor-of-social-work-honours-part-time-conversion-programme/introduction/index.html;20;https;200;None;HTML;Success;1;Crawler;Anchor;https://www.sfu.edu.hk/en/home/index.html;3;Yes;Indexable
https://www.sfu.edu.hk/en/programmes/index.html;13;https;200;None;HTML;Success;1;Crawler;Anchor;https://www.sfu.edu.hk/en/home/index.html;2;Yes;Indexable
https://www.sfu.edu.hk/en/programmes/master-s-degree-programmes/master-in-nursing-and-allied-health/introduction/index.html;28;https;200;None;HTML;Success;2;Crawler;Anchor;https://www.sfu.edu.hk/en/programmes/index.html;4;Yes;Indexable
https://www.sfu.edu.hk/en/programmes/master-s-degree-programmes/master-of-corporate-governance-part-time-/introduction/index.html;35;https;200;None;HTML;Success;1;Crawler;Anchor;https://www.sfu.edu.hk/en/home/index.html;5;Yes;Indexable
https://www.sfu.edu.hk/en/programmes/master-s-degree-programmes/postgraduate-certificate-in-nursing-and-allied-health/introduction/index.html;5;https;200;None;HTML;Success;2;Crawler;Anchor;https://www.sfu.edu.hk/en/programmes/index.html;1;Yes;Indexable
https://www.sfu.edu.hk/en/programmes/master-s-degree-programmes/postgraduate-diploma-in-nursing-and-allied-health/introduction/index.html;5;https;200;None;HTML;Success;2;Crawler;Anchor;https://www.sfu.edu.hk/en/programmes/index.html;1;Yes;Indexable
https://www.sfu.edu.hk/en/programmes/master-s-degree-programmes/postgraduate-diploma-in-private-banking-and-family-office/introduction/index.html;43;https;200;None;HTML;Success;1;Crawler;Anchor;https://www.sfu.edu.hk/en/home/index.html;6;Yes;Indexable
https://www.sfu.edu.hk/en/programmes/professional-diploma-diploma-programmes/diploma-in-health-sciences-/introduction-/index.html;5;https;200;None;HTML;Success;2;Crawler;Anchor;https://www.sfu.edu.hk/en/programmes/index.html;1;Yes;Indexable
https://www.sfu.edu.hk/en/programmes/professional-diploma-diploma-programmes/professional-diploma-in-property-management/introduction/index.html;13;https;200;None;HTML;Success;2;Crawler;Anchor;https://www.sfu.edu.hk/en/programmes/index.html;2;Yes;Indexable
https://www.sfu.edu.hk/en/programmes/programme-offered-by-caritas-bianchi-college-of-careers/associate-degree-in-business/introduction/index.html;5;https;404;None;HTML;Not Found;3;Crawler;Anchor;https://www.sfu.edu.hk/en/student-support/scholarships-and-financial-assistance/internal-articulation-scholarships/index.html;1;No;Not Found
https://www.sfu.edu.hk/en/programmes/programme-offered-by-caritas-bianchi-college-of-careers/diploma-in-foundation-studies-of-higher-education/introduction/index.html;5;https;200;None;HTML;Success;3;Crawler;Anchor;https://www.sfu.edu.hk/en/programmes/programme-offered-by-caritas-bianchi-college-of-careers/index.html;1;Yes;Indexable
https://www.sfu.edu.hk/en/programmes/programme-offered-by-caritas-bianchi-college-of-careers/diploma-in-health-sciences-/introduction-/index.html;5;https;404;None;HTML;Not Found;3;Crawler;Anchor;https://www.sfu.edu.hk/en/media/media-coverage/index_id_922.html;1;No;Not Found
https://www.sfu.edu.hk/en/programmes/programme-offered-by-caritas-bianchi-college-of-careers/higher-diploma-in-design/introduction/index.html;13;https;200;None;HTML;Success;3;Crawler;Anchor;https://www.sfu.edu.hk/en/programmes/programme-offered-by-caritas-bianchi-college-of-careers/index.html;2;Yes;Indexable
https://www.sfu.edu.hk/en/programmes/programme-offered-by-caritas-bianchi-college-of-careers/higher-diploma-in-film-and-media-production/introduction/index.html;28;https;200;None;HTML;Success;3;Crawler;Anchor;https://www.sfu.edu.hk/en/programmes/programme-offered-by-caritas-bianchi-college-of-careers/index.html;4;Yes;Indexable
https://www.sfu.edu.hk/en/programmes/programme-offered-by-caritas-bianchi-college-of-careers/higher-diploma-in-health-care-full-time-part-time/introduction-/index.html;13;https;404;None;HTML;Not Found;3;Crawler;Anchor;https://www.sfu.edu.hk/en/media/media-coverage/index_id_922.html;2;No;Not Found
https://www.sfu.edu.hk/en/programmes/programme-offered-by-caritas-bianchi-college-of-careers/higher-diploma-in-hospitality-management/introduction/index.html;5;https;404;None;HTML;Not Found;3;Crawler;Anchor;https://www.sfu.edu.hk/en/student-support/scholarships-and-financial-assistance/internal-articulation-scholarships/index.html;1;No;Not Found
https://www.sfu.edu.hk/en/programmes/programme-offered-by-caritas-bianchi-college-of-careers/higher-diploma-in-human-services/introduction/index.html;13;https;404;None;HTML;Not Found;3;Crawler;Anchor;https://www.sfu.edu.hk/en/student-support/scholarships-and-financial-assistance/internal-articulation-scholarships/index.html;2;No;Not Found
https://www.sfu.edu.hk/en/programmes/programme-offered-by-caritas-bianchi-college-of-careers/higher-diploma-in-music-studies/introduction/index.html;13;https;200;None;HTML;Success;3;Crawler;Anchor;https://www.sfu.edu.hk/en/programmes/programme-offered-by-caritas-bianchi-college-of-careers/index.html;2;Yes;Indexable
https://www.sfu.edu.hk/en/programmes/programme-offered-by-caritas-bianchi-college-of-careers/higher-diploma-in-pharmaceutical-dispensing-full-time-part-time/introduction/index.html;5;https;404;None;HTML;Not Found;3;Crawler;Anchor;https://www.sfu.edu.hk/en/media/media-coverage/index_id_922.html;1;No;Not Found
https://www.sfu.edu.hk/en/programmes/programme-offered-by-caritas-bianchi-college-of-careers/higher-diploma-in-translation-technology-and-modern-languages/introduction/index.html;13;https;200;None;HTML;Success;3;Crawler;Anchor;https://www.sfu.edu.hk/en/programmes/programme-offered-by-caritas-bianchi-college-of-careers/index.html;2;Yes;Indexable
https://www.sfu.edu.hk/en/programmes/programme-offered-by-caritas-bianchi-college-of-careers/index.html;5;https;200;None;HTML;Success;2;Crawler;Anchor;https://www.sfu.edu.hk/en/programmes/index.html;1;Yes;Indexable
https://www.sfu.edu.hk/en/programmes/sub-degree-programmes/associate-degree-in-business/introduction/index.html;13;https;200;None;HTML;Success;2;Crawler;Anchor;https://www.sfu.edu.hk/en/programmes/index.html;2;Yes;Indexable
https://www.sfu.edu.hk/en/programmes/sub-degree-programmes/higher-diploma-in-artificial-intelligence-and-information-and-communication-technology/introduction/index.html;28;https;200;None;HTML;Success;1;Crawler;Anchor;https://www.sfu.edu.hk/en/home/index.html;4;Yes;Indexable
https://www.sfu.edu.hk/en/programmes/sub-degree-programmes/higher-diploma-in-crime-and-security-science/introduction/index.html;35;https;200;None;HTML;Success;2;Crawler;Anchor;https://www.sfu.edu.hk/en/programmes/index.html;5;Yes;Indexable
https://www.sfu.edu.hk/en/programmes/sub-degree-programmes/higher-diploma-in-early-childhood-education/introduction/index.html;28;https;200;None;HTML;Success;1;Crawler;Anchor;https://www.sfu.edu.hk/en/home/index.html;4;Yes;Indexable
https://www.sfu.edu.hk/en/programmes/sub-degree-programmes/higher-diploma-in-enrolled-nursing-general-/introduction/index.html;28;https;200;None;HTML;Success;1;Crawler;Anchor;https://www.sfu.edu.hk/en/home/index.html;4;Yes;Indexable
https://www.sfu.edu.hk/en/programmes/sub-degree-programmes/higher-diploma-in-enrolled-nursing-general-hden-swd/introduction/index.html;5;https;200;None;HTML;Success;2;Crawler;Anchor;https://www.sfu.edu.hk/en/programmes/index.html;1;Yes;Indexable
https://www.sfu.edu.hk/en/programmes/sub-degree-programmes/higher-diploma-in-health-care-full-time-part-time/introduction-/index.html;5;https;200;None;HTML;Success;2;Crawler;Anchor;https://www.sfu.edu.hk/en/programmes/index.html;1;Yes;Indexable
https://www.sfu.edu.hk/en/programmes/sub-degree-programmes/higher-diploma-in-hospitality-management/introduction/index.html;13;https;200;None;HTML;Success;2;Crawler;Anchor;https://www.sfu.edu.hk/en/programmes/index.html;2;Yes;Indexable
https://www.sfu.edu.hk/en/programmes/sub-degree-programmes/higher-diploma-in-human-services/introduction/index.html;5;https;200;None;HTML;Success;2;Crawler;Anchor;https://www.sfu.edu.hk/en/programmes/index.html;1;Yes;Indexable
https://www.sfu.edu.hk/en/programmes/sub-degree-programmes/higher-diploma-in-pharmaceutical-dispensing-full-time-part-time/introduction/index.html;13;https;200;None;HTML;Success;2;Crawler;Anchor;https://www.sfu.edu.hk/en/programmes/index.html;2;Yes;Indexable
https://www.sfu.edu.hk/en/programmes/sub-degree-programmes/higher-diploma-in-social-work-full-time-part-time/introduction/index.html;28;https;200;None;HTML;Success;1;Crawler;Anchor;https://www.sfu.edu.hk/en/home/index.html;4;Yes;Indexable
https://www.sfu.edu.hk/en/programmes/top-up-degree-programmes-senior-year-entry-/bachelor-of-entrepreneurial-management-honours-in-design-business-part-time-/introduction/index.html;35;https;200;None;HTML;Success;1;Crawler;Anchor;https://www.sfu.edu.hk/en/home/index.html;5;Yes;Indexable
https://www.sfu.edu.hk/en/schools-and-offices/administrative-and-supporting-units/career-centre/about-us/index.html;5;https;200;None;HTML;Success;1;Crawler;Anchor;https://www.sfu.edu.hk/en/home/index.html;1;Yes;Indexable
https://www.sfu.edu.hk/en/schools-and-offices/administrative-and-supporting-units/career-centre/career-advisory/index.html;5;https;200;None;HTML;Success;2;Crawler;Anchor;https://www.sfu.edu.hk/en/schools-and-offices/administrative-and-supporting-units/career-centre/about-us/index.html;1;Yes;Indexable
https://www.sfu.edu.hk/en/schools-and-offices/administrative-and-supporting-units/career-centre/career-fair/index.html;5;https;200;None;HTML;Success;2;Crawler;Anchor;https://www.sfu.edu.hk/en/schools-and-offices/administrative-and-supporting-units/career-centre/about-us/index.html;1;Yes;Indexable
https://www.sfu.edu.hk/en/schools-and-offices/administrative-and-supporting-units/career-centre/career-fair/seminar-cf/index.html;5;https;200;None;HTML;Success;3;Crawler;Anchor;https://www.sfu.edu.hk/en/schools-and-offices/administrative-and-supporting-units/career-centre/career-fair/index.html;1;Yes;Indexable
https://www.sfu.edu.hk/en/schools-and-offices/administrative-and-supporting-units/career-centre/career-fair/talk-cf/index.html;5;https;200;None;HTML;Success;3;Crawler;Anchor;https://www.sfu.edu.hk/en/schools-and-offices/administrative-and-supporting-units/career-centre/career-fair/index.html;1;Yes;Indexable
https://www.sfu.edu.hk/en/schools-and-offices/administrative-and-supporting-units/career-centre/career-training/index.html;5;https;200;None;HTML;Success;2;Crawler;Anchor;https://www.sfu.edu.hk/en/schools-and-offices/administrative-and-supporting-units/career-centre/about-us/index.html;1;Yes;Indexable
https://www.sfu.edu.hk/en/schools-and-offices/administrative-and-supporting-units/career-centre/job-search/index.html;5;https;200;None;HTML;Success;2;Crawler;Anchor;https://www.sfu.edu.hk/en/schools-and-offices/administrative-and-supporting-units/career-centre/about-us/index.html;1;Yes;Indexable
https://www.sfu.edu.hk/en/schools-and-offices/administrative-and-supporting-units/chaplaincy/chapel/index.html;5;https;200;None;HTML;Success;3;Crawler;Anchor;https://www.sfu.edu.hk/en/about-the-institute/overview-of-the-institute/campus-environment-and-facilities/campus-virtual-tour/ss-francis-chapel/index.html;1;Yes;Indexable
https://www.sfu.edu.hk/en/schools-and-offices/administrative-and-supporting-units/innovative-incubation-centre/make-it-happen-competition/index.html;0;https;200;None;HTML;Success;6;Crawler;Anchor;https://www.cihe.edu.hk/en/schools-and-offices/administrative-and-supporting-units/innovative-incubation-centre/make-it-happen-competition/index.html;0;Yes;Indexable
https://www.sfu.edu.hk/en/schools-and-offices/administrative-and-supporting-units/public-affairs-office/media-coverage/index_id_390.html;13;https;404;None;HTML;Not Found;2;Crawler;Anchor;https://www.sfu.edu.hk/en/programmes/bachelor-s-degree-programmes/bachelor-of-science-honours-in-physiotherapy/introduction/index.html;2;No;Not Found
https://www.sfu.edu.hk/en/schools-and-offices/administrative-and-supporting-units/public-affairs-office/media-coverage/index_id_395.html;5;https;404;None;HTML;Not Found;2;Crawler;Anchor;https://www.sfu.edu.hk/en/programmes/bachelor-s-degree-programmes/bachelor-of-science-honours-in-artificial-intelligence/introduction/index.html;1;No;Not Found
https://www.sfu.edu.hk/en/schools-and-offices/schools-and-departments/department-of-general-education-and-language-studies/introduction/index.html;5;https;200;None;HTML;Success;4;Crawler;Anchor;https://www.sfu.edu.hk/en/programmes/programme-offered-by-caritas-bianchi-college-of-careers/higher-diploma-in-translation-technology-and-modern-languages/introduction/index.html;1;Yes;Indexable
https://www.sfu.edu.hk/en/schools-and-offices/schools-and-departments/felizberta-lo-padilla-tong-school-of-social-sciences/introduction/index.html;20;https;200;None;HTML;Success;2;Crawler;Anchor;https://www.sfu.edu.hk/en/programmes/bachelor-s-degree-programmes/bachelor-of-social-sciences-honours/introduction/index.html;3;Yes;Indexable
https://www.sfu.edu.hk/en/schools-and-offices/schools-and-departments/rita-tong-liu-school-of-business-and-hospitality-management/introduction/index.html;50;https;200;None;HTML;Success;2;Crawler;Anchor;https://www.sfu.edu.hk/en/programmes/master-s-degree-programmes/master-of-corporate-governance-part-time-/introduction/index.html;7;Yes;Indexable
https://www.sfu.edu.hk/en/schools-and-offices/schools-and-departments/school-of-computing-and-information-sciences/introduction/index.html;35;https;200;None;HTML;Success;2;Crawler;Anchor;https://www.sfu.edu.hk/en/programmes/bachelor-s-degree-programmes/bachelor-of-science-honours-in-digital-entertainment-technology/introduction/index.html;5;Yes;Indexable
https://www.sfu.edu.hk/en/schools-and-offices/schools-and-departments/school-of-computing-and-information-sciences/staff-directory/dr-li-chengze/index.html;5;https;200;None;HTML;Success;4;Crawler;Anchor;https://www.sfu.edu.hk/en/schools-and-offices/schools-and-departments/school-of-computing-and-information-sciences/staff-directory/index.html;1;Yes;Indexable
https://www.sfu.edu.hk/en/schools-and-offices/schools-and-departments/school-of-computing-and-information-sciences/staff-directory/dr-tina-liu-xueting/index.html;5;https;200;None;HTML;Success;4;Crawler;Anchor;https://www.sfu.edu.hk/en/schools-and-offices/schools-and-departments/school-of-computing-and-information-sciences/staff-directory/index.html;1;Yes;Indexable
https://www.sfu.edu.hk/en/schools-and-offices/schools-and-departments/school-of-computing-and-information-sciences/staff-directory/dr-yingchao-zhao/index.html;5;https;200;None;HTML;Success;4;Crawler;Anchor;https://www.sfu.edu.hk/en/schools-and-offices/schools-and-departments/school-of-computing-and-information-sciences/staff-directory/index.html;1;Yes;Indexable
https://www.sfu.edu.hk/en/schools-and-offices/schools-and-departments/school-of-computing-and-information-sciences/staff-directory/index.html;43;https;200;None;HTML;Success;3;Crawler;Anchor;https://www.sfu.edu.hk/en/schools-and-offices/schools-and-departments/school-of-computing-and-information-sciences/introduction/index.html;6;Yes;Indexable
https://www.sfu.edu.hk/en/schools-and-offices/schools-and-departments/school-of-computing-and-information-sciences/staff-directory/Mr-kinson-cheung-kin-chung/index.html;5;https;200;None;HTML;Success;4;Crawler;Anchor;https://www.sfu.edu.hk/en/schools-and-offices/schools-and-departments/school-of-computing-and-information-sciences/staff-directory/index.html;1;Yes;Indexable
https://www.sfu.edu.hk/en/schools-and-offices/schools-and-departments/school-of-computing-and-information-sciences/staff-directory/prof-andrew-leung/index.html;5;https;200;None;HTML;Success;4;Crawler;Anchor;https://www.sfu.edu.hk/en/schools-and-offices/schools-and-departments/school-of-computing-and-information-sciences/staff-directory/index.html;1;Yes;Indexable
https://www.sfu.edu.hk/en/schools-and-offices/schools-and-departments/school-of-health-sciences/introduction/index.html;65;https;200;None;HTML;Success;2;Crawler;Anchor;https://www.sfu.edu.hk/en/programmes/bachelor-s-degree-programmes/bachelor-of-health-sciences-honours-part-time-top-up-programme/introduction/index.html;9;Yes;Indexable
https://www.sfu.edu.hk/en/schools-and-offices/schools-and-departments/school-of-humanities-and-languages/introduction/index.html;35;https;200;None;HTML;Success;2;Crawler;Anchor;https://www.sfu.edu.hk/en/programmes/bachelor-s-degree-programmes/bachelor-of-arts-honours-in-language-and-culture/introduction/index.html;5;Yes;Indexable
https://www.sfu.edu.hk/en/student-support/scholarships-and-financial-assistance/admission-scholarships/academic-achievement-scholarships-aas-/index.html;5;https;200;None;HTML;Success;3;Crawler;Anchor;https://www.sfu.edu.hk/en/student-support/scholarships-and-financial-assistance/admission-scholarships/index.html;1;Yes;Indexable
https://www.sfu.edu.hk/en/student-support/scholarships-and-financial-assistance/admission-scholarships/entrance-scholarships-es-/index.html;5;https;200;None;HTML;Success;3;Crawler;Anchor;https://www.sfu.edu.hk/en/student-support/scholarships-and-financial-assistance/admission-scholarships/index.html;1;Yes;Indexable
https://www.sfu.edu.hk/en/student-support/scholarships-and-financial-assistance/admission-scholarships/index.html;5;https;200;None;HTML;Success;2;Crawler;Anchor;https://www.sfu.edu.hk/en/student-support/scholarships-and-financial-assistance/scholarships-bursaries-and-financial-assistance-/index.html;1;Yes;Indexable
https://www.sfu.edu.hk/en/student-support/scholarships-and-financial-assistance/admission-scholarships/international-students-scholarships-/index.html;5;https;200;None;HTML;Success;3;Crawler;Anchor;https://www.sfu.edu.hk/en/student-support/scholarships-and-financial-assistance/admission-scholarships/index.html;1;Yes;Indexable
https://www.sfu.edu.hk/en/student-support/scholarships-and-financial-assistance/admission-scholarships/principal-s-nomination-scholarships-pns-/index.html;5;https;200;None;HTML;Success;3;Crawler;Anchor;https://www.sfu.edu.hk/en/student-support/scholarships-and-financial-assistance/admission-scholarships/index.html;1;Yes;Indexable
https://www.sfu.edu.hk/en/student-support/scholarships-and-financial-assistance/financial-assistance-bursaries/index.html;5;https;200;None;HTML;Success;2;Crawler;Anchor;https://www.sfu.edu.hk/en/student-support/scholarships-and-financial-assistance/scholarships-bursaries-and-financial-assistance-/index.html;1;Yes;Indexable
https://www.sfu.edu.hk/en/student-support/scholarships-and-financial-assistance/internal-articulation-scholarships/index.html;5;https;200;None;HTML;Success;2;Crawler;Anchor;https://www.sfu.edu.hk/en/student-support/scholarships-and-financial-assistance/scholarships-bursaries-and-financial-assistance-/index.html;1;Yes;Indexable
https://www.sfu.edu.hk/en/student-support/scholarships-and-financial-assistance/jupas-programme-scholarships/index.html;5;https;200;None;HTML;Success;2;Crawler;Anchor;https://www.sfu.edu.hk/en/student-support/scholarships-and-financial-assistance/scholarships-bursaries-and-financial-assistance-/index.html;1;Yes;Indexable
https://www.sfu.edu.hk/en/student-support/scholarships-and-financial-assistance/other-scholarships/index.html;5;https;200;None;HTML;Success;2;Crawler;Anchor;https://www.sfu.edu.hk/en/student-support/scholarships-and-financial-assistance/scholarships-bursaries-and-financial-assistance-/index.html;1;Yes;Indexable
https://www.sfu.edu.hk/en/student-support/scholarships-and-financial-assistance/programme-scholarships/applied-music-scholarships-ams-/index.html;5;https;200;None;HTML;Success;3;Crawler;Anchor;https://www.sfu.edu.hk/en/student-support/scholarships-and-financial-assistance/programme-scholarships/index.html;1;Yes;Indexable
https://www.sfu.edu.hk/en/student-support/scholarships-and-financial-assistance/programme-scholarships/index.html;5;https;200;None;HTML;Success;2;Crawler;Anchor;https://www.sfu.edu.hk/en/student-support/scholarships-and-financial-assistance/scholarships-bursaries-and-financial-assistance-/index.html;1;Yes;Indexable
https://www.sfu.edu.hk/en/student-support/scholarships-and-financial-assistance/saint-francis-scholarship-for-southeast-asian-catholic-youth/index.html;5;https;200;None;HTML;Success;2;Crawler;Anchor;https://www.sfu.edu.hk/en/student-support/scholarships-and-financial-assistance/scholarships-bursaries-and-financial-assistance-/index.html;1;Yes;Indexable
https://www.sfu.edu.hk/en/student-support/scholarships-and-financial-assistance/scholarships-bursaries-and-financial-assistance-/index.html;13;https;200;None;HTML;Success;1;Crawler;Anchor;https://www.sfu.edu.hk/en/home/index.html;2;Yes;Indexable
https://www.sfu.edu.hk/index.html;5;https;200;None;HTML;Redirect;3;Crawler;Anchor;https://www.sfu.edu.hk/en/media/media-coverage/index_id_68.html;1;No;Redirects
https://www.sfu.edu.hk/project.goal;0;https;404;None;HTML;Not Found;3;Crawler;Anchor;http://www.sfu.edu.hk/project.goal;0;No;Not Found
https://www.sfu.edu.hk/tc/schools-and-offices/administrative-and-supporting-units/career-centre/student-helper-programme/index.html;5;https;404;None;HTML;Not Found;3;Crawler;Anchor;https://www.sfu.edu.hk/en/schools-and-offices/administrative-and-supporting-units/career-centre/job-search/index.html;1;No;Not Found
